{"abigail.morphew":{"studentName":"abigail.morphew","numHelp":5,"avgWaitTime":12.643333333333334,"avgHelpTime":4.346666666666667,"workedWith":["bill","brian.nguyen","humad","emmanuel"]},"rsompuram":{"studentName":"rsompuram","numHelp":3,"avgWaitTime":16.805555555555557,"avgHelpTime":15.605555555555554,"workedWith":["epaschke","moose"]},"croftg":{"studentName":"croftg","numHelp":3,"avgWaitTime":429.78888888888883,"avgHelpTime":12,"workedWith":["emmanuel","persis.ratouis","brian.nguyen"]},"dankomong":{"studentName":"dankomong","numHelp":5,"avgWaitTime":15.723333333333333,"avgHelpTime":5.290000000000001,"workedWith":["pdelancy","epaschke"]},"sally.ma":{"studentName":"sally.ma","numHelp":3,"avgWaitTime":15.450000000000001,"avgHelpTime":8.088888888888889,"workedWith":["ana","moose","epaschke"]},"dmehta23":{"studentName":"dmehta23","numHelp":4,"avgWaitTime":10.966666666666667,"avgHelpTime":11.2375,"workedWith":["pdelancy","moose","bill"]},"rtang4":{"studentName":"rtang4","numHelp":3,"avgWaitTime":10.188888888888888,"avgHelpTime":8.266666666666667,"workedWith":["epaschke","pdelancy"]},"violakalee":{"studentName":"violakalee","numHelp":9,"avgWaitTime":13.21111111111111,"avgHelpTime":7.527777777777778,"workedWith":["bill","demi","pdelancy","epaschke"]},"ray.li":{"studentName":"ray.li","numHelp":3,"avgWaitTime":404.4666666666667,"avgHelpTime":11.311111111111112,"workedWith":["humad","emmanuel","brian.nguyen"]},"robert.luo":{"studentName":"robert.luo","numHelp":1,"avgWaitTime":32.86666666666667,"avgHelpTime":1.7833333333333334,"workedWith":["ana","pdelancy","epaschke"]},"bradwhist":{"studentName":"bradwhist","numHelp":7,"avgWaitTime":16.716666666666665,"avgHelpTime":8.164285714285715,"workedWith":["epaschke","pdelancy"]},"salmancharolia":{"studentName":"salmancharolia","numHelp":1,"avgWaitTime":0.65,"avgHelpTime":2.8333333333333335,"workedWith":["brian.nguyen"]},"ckc1373":{"studentName":"ckc1373","numHelp":4,"avgWaitTime":20.658333333333335,"avgHelpTime":13.3625,"workedWith":["pdelancy","demi","epaschke"]},"kkpatel":{"studentName":"kkpatel","numHelp":5,"avgWaitTime":18.526666666666664,"avgHelpTime":6.326666666666666,"workedWith":["brian.nguyen","epaschke"]},"lucac":{"studentName":"lucac","numHelp":1,"avgWaitTime":17.5,"avgHelpTime":1.1166666666666667,"workedWith":["pdelancy"]},"thiebautnina":{"studentName":"thiebautnina","numHelp":4,"avgWaitTime":23.179166666666667,"avgHelpTime":5.379166666666666,"workedWith":["pdelancy","epaschke","bill"]},"pedro":{"studentName":"pedro","numHelp":5,"avgWaitTime":250.89333333333337,"avgHelpTime":18.883333333333333,"workedWith":["persis.ratouis","emmanuel"]},"wangjerr":{"studentName":"wangjerr","numHelp":2,"avgWaitTime":24.908333333333335,"avgHelpTime":10.658333333333333,"workedWith":["pdelancy"]},"asiopongco":{"studentName":"asiopongco","numHelp":1,"avgWaitTime":0.6333333333333333,"avgHelpTime":2.466666666666667,"workedWith":["pdelancy","brian.nguyen"]},"isabelle.chun":{"studentName":"isabelle.chun","numHelp":4,"avgWaitTime":8.583333333333332,"avgHelpTime":284.52916666666664,"workedWith":["pdelancy","epaschke","bill"]},"thomaslee9474":{"studentName":"thomaslee9474","numHelp":2,"avgWaitTime":112.45,"avgHelpTime":33.9,"workedWith":["humad","brian.nguyen"]},"ben.r.weissman":{"studentName":"ben.r.weissman","numHelp":2,"avgWaitTime":10.575,"avgHelpTime":14.425,"workedWith":["pdelancy"]},"reeves.julia.s":{"studentName":"reeves.julia.s","numHelp":2,"avgWaitTime":9.833333333333332,"avgHelpTime":8.125,"workedWith":["humad","emmanuel","brian.nguyen"]},"chowyinh":{"studentName":"chowyinh","numHelp":0,"avgWaitTime":0,"avgHelpTime":0,"workedWith":["humad"]},"mugelsta":{"studentName":"mugelsta","numHelp":4,"avgWaitTime":22.116666666666667,"avgHelpTime":8.8875,"workedWith":["pdelancy","demi","epaschke"]},"eoak":{"studentName":"eoak","numHelp":1,"avgWaitTime":4.266666666666667,"avgHelpTime":13.1,"workedWith":["epaschke"]},"qnguyen6":{"studentName":"qnguyen6","numHelp":3,"avgWaitTime":10.633333333333333,"avgHelpTime":6.883333333333333,"workedWith":["bill","humad"]},"perry.ya":{"studentName":"perry.ya","numHelp":3,"avgWaitTime":5.061111111111111,"avgHelpTime":17.816666666666666,"workedWith":["brian.nguyen","epaschke"]},"naevma":{"studentName":"naevma","numHelp":3,"avgWaitTime":39.65555555555556,"avgHelpTime":14.344444444444443,"workedWith":["brian.nguyen","emmanuel"]},"jiang26s":{"studentName":"jiang26s","numHelp":4,"avgWaitTime":8.545833333333333,"avgHelpTime":28.095833333333335,"workedWith":["emmanuel","persis.ratouis","brian.nguyen","humad"]},"patrick.combe":{"studentName":"patrick.combe","numHelp":4,"avgWaitTime":11.816666666666666,"avgHelpTime":11.341666666666667,"workedWith":["pdelancy","epaschke"]},"zhh1997zhh":{"studentName":"zhh1997zhh","numHelp":4,"avgWaitTime":1.7958333333333334,"avgHelpTime":13.379166666666666,"workedWith":["persis.ratouis","brian.nguyen","emmanuel"]},"richa.parande":{"studentName":"richa.parande","numHelp":3,"avgWaitTime":14.75,"avgHelpTime":9.35,"workedWith":["epaschke"]},"hgaskin":{"studentName":"hgaskin","numHelp":3,"avgWaitTime":7.833333333333333,"avgHelpTime":7.8,"workedWith":["persis.ratouis","brian.nguyen"]},"an2hm":{"studentName":"an2hm","numHelp":1,"avgWaitTime":1.3833333333333333,"avgHelpTime":6.933333333333334,"workedWith":["bill"]},"bartonb":{"studentName":"bartonb","numHelp":4,"avgWaitTime":9.820833333333335,"avgHelpTime":5.041666666666667,"workedWith":["epaschke","bill"]},"jypark97":{"studentName":"jypark97","numHelp":1,"avgWaitTime":2.033333333333333,"avgHelpTime":2.1,"workedWith":["epaschke"]},"tundunoladipo":{"studentName":"tundunoladipo","numHelp":1,"avgWaitTime":7.466666666666667,"avgHelpTime":9.933333333333334,"workedWith":["demi"]},"francis.kigawa":{"studentName":"francis.kigawa","numHelp":1,"avgWaitTime":7.383333333333334,"avgHelpTime":0.7666666666666667,"workedWith":["moose"]},"liuyilin":{"studentName":"liuyilin","numHelp":2,"avgWaitTime":6.816666666666666,"avgHelpTime":3.2666666666666666,"workedWith":["epaschke","pdelancy"]},"ys457":{"studentName":"ys457","numHelp":1,"avgWaitTime":5.5,"avgHelpTime":1.3666666666666667,"workedWith":["moose"]},"andrewkirk093":{"studentName":"andrewkirk093","numHelp":2,"avgWaitTime":9.358333333333334,"avgHelpTime":92.93333333333332,"workedWith":["moose","demi"]},"pulkit.bansal":{"studentName":"pulkit.bansal","numHelp":4,"avgWaitTime":6.125,"avgHelpTime":19.670833333333334,"workedWith":["epaschke","moose","drocc"]},"xu.chenxi":{"studentName":"xu.chenxi","numHelp":1,"avgWaitTime":7.416666666666667,"avgHelpTime":8.616666666666667,"workedWith":["pdelancy"]},"japhib":{"studentName":"japhib","numHelp":1,"avgWaitTime":13.566666666666666,"avgHelpTime":12.2,"workedWith":["persis.ratouis"]},"ychen10":{"studentName":"ychen10","numHelp":1,"avgWaitTime":11.6,"avgHelpTime":8.533333333333333,"workedWith":["moose"]},"jaroslav.tran":{"studentName":"jaroslav.tran","numHelp":4,"avgWaitTime":7.583333333333334,"avgHelpTime":11.5,"workedWith":["humad","brian.nguyen","persis.ratouis","emmanuel"]},"jlee":{"studentName":"jlee","numHelp":2,"avgWaitTime":7.324999999999999,"avgHelpTime":14.25,"workedWith":["emmanuel","demi"]},"evakill":{"studentName":"evakill","numHelp":2,"avgWaitTime":5.608333333333333,"avgHelpTime":20.608333333333334,"workedWith":["epaschke","bill"]},"nick.marwell":{"studentName":"nick.marwell","numHelp":2,"avgWaitTime":48.324999999999996,"avgHelpTime":25.491666666666667,"workedWith":["epaschke","persis.ratouis"]},"xy253":{"studentName":"xy253","numHelp":4,"avgWaitTime":11.179166666666667,"avgHelpTime":5.45,"workedWith":["epaschke","bill","persis.ratouis"]},"schweber97":{"studentName":"schweber97","numHelp":3,"avgWaitTime":7.544444444444444,"avgHelpTime":45.044444444444444,"workedWith":["humad","emmanuel"]},"anjana.parasuram":{"studentName":"anjana.parasuram","numHelp":1,"avgWaitTime":2.75,"avgHelpTime":78.78333333333333,"workedWith":["persis.ratouis"]},"celiac":{"studentName":"celiac","numHelp":3,"avgWaitTime":16.900000000000002,"avgHelpTime":10.722222222222221,"workedWith":["bill","pdelancy","persis.ratouis"]},"baileysiber37":{"studentName":"baileysiber37","numHelp":1,"avgWaitTime":21.133333333333333,"avgHelpTime":25.116666666666667,"workedWith":["epaschke","pdelancy"]},"younghyunpark97":{"studentName":"younghyunpark97","numHelp":1,"avgWaitTime":95.48333333333333,"avgHelpTime":10,"workedWith":["brian.nguyen"]},"rrkane":{"studentName":"rrkane","numHelp":1,"avgWaitTime":16.35,"avgHelpTime":26.616666666666667,"workedWith":["pdelancy"]},"shendansddaisy":{"studentName":"shendansddaisy","numHelp":2,"avgWaitTime":12.191666666666666,"avgHelpTime":14.408333333333333,"workedWith":["emmanuel","brian.nguyen"]},"michael_lay":{"studentName":"michael_lay","numHelp":2,"avgWaitTime":20.141666666666666,"avgHelpTime":5.275,"workedWith":["brian.nguyen"]},"aranjf16":{"studentName":"aranjf16","numHelp":1,"avgWaitTime":4.8,"avgHelpTime":1.1,"workedWith":["demi"]},"kavi":{"studentName":"kavi","numHelp":1,"avgWaitTime":0.4166666666666667,"avgHelpTime":12.433333333333334,"workedWith":["epaschke"]},"plfaulkner78":{"studentName":"plfaulkner78","numHelp":1,"avgWaitTime":160.31666666666666,"avgHelpTime":17.616666666666667,"workedWith":["epaschke"]},"tianyul":{"studentName":"tianyul","numHelp":3,"avgWaitTime":16.322222222222223,"avgHelpTime":8.383333333333335,"workedWith":["pdelancy","drocc","epaschke"]},"s-medlang":{"studentName":"s-medlang","numHelp":1,"avgWaitTime":9.716666666666667,"avgHelpTime":19.7,"workedWith":["pdelancy"]},"mbaker63":{"studentName":"mbaker63","numHelp":1,"avgWaitTime":32.233333333333334,"avgHelpTime":3.75,"workedWith":["drocc"]}}