{"epaschke":{"taName":"epaschke","studentsHelped":0,"avgTimePerStudent":null,"workedWith":["rsompuram","rtang4","bradwhist","dankomong","eoak","thiebautnina","richa.parande","bartonb","jypark97","liuyilin","pulkit.bansal","isabelle.chun","evakill","nick.marwell","xy253","baileysiber37","sally.ma","patrick.combe","kavi","plfaulkner78","violakalee","mugelsta","robert.luo","ckc1373","tianyul","perry.ya","kkpatel"],"numHelp":null},"emmanuel":{"taName":"emmanuel","studentsHelped":0,"avgTimePerStudent":null,"workedWith":["croftg","jiang26s","pedro","jlee","ray.li","shendansddaisy","naevma","schweber97","reeves.julia.s","abigail.morphew","zhh1997zhh","jaroslav.tran"],"numHelp":null},"ana":{"taName":"ana","studentsHelped":0,"avgTimePerStudent":null,"workedWith":["sally.ma","robert.luo"],"numHelp":null},"humad":{"taName":"humad","studentsHelped":0,"avgTimePerStudent":null,"workedWith":["ray.li","thomaslee9474","chowyinh","jaroslav.tran","schweber97","reeves.julia.s","abigail.morphew","jiang26s","qnguyen6"],"numHelp":null},"pdelancy":{"taName":"pdelancy","studentsHelped":0,"avgTimePerStudent":null,"workedWith":["ckc1373","dankomong","rtang4","lucac","thiebautnina","asiopongco","robert.luo","isabelle.chun","bradwhist","dmehta23","mugelsta","patrick.combe","xu.chenxi","ben.r.weissman","wangjerr","violakalee","rrkane","celiac","liuyilin","tianyul","s-medlang","baileysiber37"],"numHelp":null},"brian.nguyen":{"taName":"brian.nguyen","studentsHelped":0,"avgTimePerStudent":null,"workedWith":["kkpatel","salmancharolia","abigail.morphew","perry.ya","naevma","hgaskin","younghyunpark97","zhh1997zhh","jiang26s","jaroslav.tran","michael_lay","ray.li","asiopongco","shendansddaisy","reeves.julia.s","thomaslee9474","croftg"],"numHelp":null},"persis.ratouis":{"taName":"persis.ratouis","studentsHelped":0,"avgTimePerStudent":null,"workedWith":["pedro","zhh1997zhh","hgaskin","japhib","jiang26s","anjana.parasuram","jaroslav.tran","croftg","xy253","nick.marwell","celiac"],"numHelp":null},"bill":{"taName":"bill","studentsHelped":0,"avgTimePerStudent":null,"workedWith":["abigail.morphew","violakalee","qnguyen6","an2hm","bartonb","thiebautnina","celiac","evakill","xy253","dmehta23","isabelle.chun"],"numHelp":null},"demi":{"taName":"demi","studentsHelped":0,"avgTimePerStudent":null,"workedWith":["tundunoladipo","violakalee","mugelsta","ckc1373","aranjf16","jlee","andrewkirk093"],"numHelp":null},"moose":{"taName":"moose","studentsHelped":0,"avgTimePerStudent":null,"workedWith":["francis.kigawa","ys457","sally.ma","ychen10","andrewkirk093","dmehta23","pulkit.bansal","rsompuram"],"numHelp":null},"drocc":{"taName":"drocc","studentsHelped":0,"avgTimePerStudent":null,"workedWith":["tianyul","mbaker63","pulkit.bansal"],"numHelp":null}}